{
    "data_cs": {
        "~coding": {
            "4": 1.0,
            "3": 0.625,
            "5": 0.25,
            "2": 0.125,
            "1": 0
        },
        "~marketing": {
            "2": 1.0,
            "4": 1.0,
            "1": 0.3333333333333333,
            "3": 0.3333333333333333,
            "5": 0
        },
        "~networking": {
            "2": 1.0,
            "3": 0.4444444444444444,
            "1": 0.2222222222222222,
            "4": 0.1111111111111111,
            "5": 0
        },
        "~problem solving": {
            "4": 1.0,
            "3": 0.6666666666666666,
            "5": 0.6666666666666666,
            "1": 0.3333333333333333,
            "2": 0
        },
        "~math": {
            "3": 1.0,
            "4": 1.0,
            "2": 0.6,
            "1": 0.4,
            "5": 0.2
        },
        "~physics": {
            "4": 1.0,
            "3": 0.7142857142857143,
            "1": 0.2857142857142857,
            "2": 0.2857142857142857,
            "5": 0
        },
        "~softskill": {
            "3": 1.0,
            "4": 0.8333333333333334,
            "5": 0.5,
            "2": 0.3333333333333333,
            "1": 0
        },
        "~create software": {
            "3": 1.0,
            "5": 0.8333333333333334,
            "4": 0.5,
            "2": 0.3333333333333333,
            "1": 0
        },
        "~content creation": {
            "4": 1.0,
            "2": 0.6666666666666666,
            "5": 0.6666666666666666,
            "3": 0.3333333333333333,
            "1": 0
        },
        "~physical networking": {
            "3": 1.0,
            "1": 0.4444444444444444,
            "4": 0.2222222222222222,
            "2": 0.1111111111111111,
            "5": 0
        },
        "!coder or manager": {
            "1": 1.0,
            "2": 0.4,
            "3": 0.2,
            "4": 0,
            "5": 0
        },
        "!build planning": {
            "1": 1.0,
            "2": 0.7777777777777778,
            "3": 0,
            "4": 0,
            "5": 0
        },
        "!coding often": {
            "4": 1.0,
            "3": 0.4444444444444444,
            "2": 0.2222222222222222,
            "1": 0.1111111111111111,
            "5": 0
        }
    },
    "data_tn": {
        "~coding": {
            "4": 1.0,
            "3": 0.75,
            "5": 0.25,
            "1": 0,
            "2": 0
        },
        "~marketing": {
            "4": 1.0,
            "2": 0.6666666666666666,
            "3": 0.6666666666666666,
            "5": 0.3333333333333333,
            "1": 0
        },
        "~networking": {
            "4": 1.0,
            "5": 1.0,
            "3": 0.6666666666666666,
            "1": 0,
            "2": 0
        },
        "~problem solving": {
            "4": 1.0,
            "3": 0.16666666666666666,
            "5": 0.16666666666666666,
            "1": 0,
            "2": 0
        },
        "~math": {
            "4": 1.0,
            "5": 1.0,
            "2": 0.3333333333333333,
            "3": 0.3333333333333333,
            "1": 0
        },
        "~physics": {
            "4": 1.0,
            "3": 0.5,
            "2": 0.25,
            "5": 0.25,
            "1": 0
        },
        "~softskill": {
            "4": 1.0,
            "5": 1.0,
            "2": 0.3333333333333333,
            "3": 0.3333333333333333,
            "1": 0
        },
        "~create software": {
            "3": 1.0,
            "4": 0.6666666666666666,
            "5": 0.6666666666666666,
            "2": 0.3333333333333333,
            "1": 0
        },
        "~content creation": {
            "3": 1.0,
            "4": 0.6666666666666666,
            "1": 0.3333333333333333,
            "2": 0.3333333333333333,
            "5": 0.3333333333333333
        },
        "~physical networking": {
            "4": 1.0,
            "5": 1.0,
            "3": 0.6666666666666666,
            "1": 0,
            "2": 0
        },
        "!coder or manager": {
            "1": 1.0,
            "3": 1.0,
            "2": 0.6666666666666666,
            "4": 0,
            "5": 0
        },
        "!build planning": {
            "1": 1.0,
            "2": 0.3333333333333333,
            "3": 0,
            "4": 0,
            "5": 0
        },
        "!coding often": {
            "1": 1.0,
            "2": 1.0,
            "3": 0.6666666666666666,
            "4": 0,
            "5": 0
        }
    },
    "data_ec": {
        "~coding": {
            "4": 1.0,
            "1": 0.3333333333333333,
            "2": 0.3333333333333333,
            "3": 0.3333333333333333,
            "5": 0
        },
        "~marketing": {
            "4": 1.0,
            "5": 1.0,
            "1": 0,
            "2": 0,
            "3": 0
        },
        "~networking": {
            "1": 1.0,
            "3": 0.6666666666666666,
            "4": 0.3333333333333333,
            "2": 0,
            "5": 0
        },
        "~problem solving": {
            "5": 1.0,
            "4": 0.6666666666666666,
            "3": 0.3333333333333333,
            "1": 0,
            "2": 0
        },
        "~math": {
            "3": 1.0,
            "5": 0.6666666666666666,
            "4": 0.3333333333333333,
            "1": 0,
            "2": 0
        },
        "~physics": {
            "5": 1.0,
            "1": 0.25,
            "4": 0.25,
            "2": 0,
            "3": 0
        },
        "~softskill": {
            "5": 1.0,
            "4": 0.2,
            "1": 0,
            "2": 0,
            "3": 0
        },
        "~create software": {
            "1": 1.0,
            "3": 1.0,
            "4": 1.0,
            "2": 0,
            "5": 0
        },
        "~content creation": {
            "3": 1.0,
            "5": 0.6666666666666666,
            "4": 0.3333333333333333,
            "1": 0,
            "2": 0
        },
        "~physical networking": {
            "1": 1.0,
            "3": 1.0,
            "2": 0.5,
            "4": 0.5,
            "5": 0
        },
        "!coder or manager": {
            "2": 1.0,
            "1": 0,
            "3": 0,
            "4": 0,
            "5": 0
        },
        "!build planning": {
            "1": 1.0,
            "2": 1.0,
            "3": 0,
            "4": 0,
            "5": 0
        },
        "!coding often": {
            "1": 1.0,
            "2": 0.25,
            "3": 0.25,
            "4": 0,
            "5": 0
        }
    },
    "legend": {
        "Code Developer": 1,
        "Product Manager": 2,
        "Either/Neither": 3,
        "Plan for everything before building": 1,
        "Build while planning": 2,
        "Rarely (< once / month)": 1,
        "Occasionally (>= once / month)": 2,
        "Sometimes (>= once / week)": 3,
        "Often (daily)": 4
    }
}